Workbook

Sheet 응시현황
A4: 2023년도 대전광역시교육청 지방공무원 공개(경력)경쟁임용
A5: 필 기 시 험 응 시 현 황
A9: ▣ 시험일: 2023. 6. 10.(토)
A11: 시험명 | B11: 직렬(직류) | C11: 선발구분 | D11: 선발인원 | E11: 지원자수 | F11: 응시자수 | G11: 결시자수 | H11: 응시율 | I11: 응시율대비 경쟁률
A12: 공개 경쟁 임용 시험 | B12: 교육행정 | C12: 일반 | D12: 30 | E12: =SUM(원본데이터!D6:D28,원본데이터!D35:D42) -> 771 | F12: =SUM(원본데이터!E6:E28,원본데이터!E35:E42) -> 587 | G12: =E12-F12 -> 184 | H12: =TEXT(ROUNDDOWN(F12/E12*100,3),"#0.00")&"%" -> 76.13% | I12: =TEXT(ROUNDDOWN(F12/D12,3),"#0.00")&":1" -> 19.57:1
C13: 장애인 | D13: 3 | E13: =SUM(원본데이터!D4) -> 11 | F13: =SUM(원본데이터!E4) -> 7 | G13: =E13-F13 -> 4 | H13: =TEXT(ROUNDDOWN(F13/E13*100,3),"#0.00")&"%" -> 63.64% | I13: =TEXT(ROUNDDOWN(F13/D13,3),"#0.00")&":1" -> 2.33:1
C14: 저소득층 | D14: 2 | E14: =SUM(원본데이터!D5) -> 24 | F14: =SUM(원본데이터!E5) -> 18 | G14: =E14-F14 -> 6 | H14: =TEXT(ROUNDDOWN(F14/E14*100,3),"#0.00")&"%" -> 75.00% | I14: =TEXT(ROUNDDOWN(F14/D14,3),"#0.00")&":1" -> 9.00:1
C15: 소계 | D15: =SUM(D12:D14) -> 35 | E15: =SUM(E12:E14) -> 806 | F15: =SUM(F12:F14) -> 612 | G15: =SUM(G12:G14) -> 194 | H15: =TEXT(ROUNDDOWN(F15/E15*100,3),"#0.00")&"%" -> 75.93% | I15: =TEXT(ROUNDDOWN(F15/D15,3),"#0.00")&":1" -> 17.49:1
B16: 전 산 | D16: 3 | E16: =SUM(원본데이터!D43:D44) -> 38 | F16: =SUM(원본데이터!E43:E44) -> 26 | G16: =E16-F16 -> 12 | H16: =TEXT(ROUNDDOWN(F16/E16*100,3),"#0.00")&"%" -> 68.42% | I16: =TEXT(ROUNDDOWN(F16/D16,3),"#0.00")&":1" -> 8.67:1
B17: 사 서 | D17: 2 | E17: =SUM(원본데이터!D45:D46) -> 27 | F17: =SUM(원본데이터!E45:E46) -> 10 | G17: =E17-F17 -> 17 | H17: =TEXT(ROUNDDOWN(F17/E17*100,3),"#0.00")&"%" -> 37.04% | I17: =TEXT(ROUNDDOWN(F17/D17,3),"#0.00")&":1" -> 5.00:1
B18: 소계(공개경쟁임용시험) | D18: =SUM(D15:D17) -> 40 | E18: =SUM(E15:E17) -> 871 | F18: =SUM(F15:F17) -> 648 | G18: =SUM(G15:G17) -> 223 | H18: =TEXT(ROUNDDOWN(F18/E18*100,3),"#0.00")&"%" -> 74.40% | I18: =TEXT(ROUNDDOWN(F18/D18,3),"#0.00")&":1" -> 16.20:1
A19: 경력 경쟁 임용 시험 | B19: 시설관리(일반) | D19: 9 | E19: =SUM(원본데이터!D29:D32) -> 80 | F19: =SUM(원본데이터!E29:E32) -> 56 | G19: =E19-F19 -> 24 | H19: =TEXT(ROUNDDOWN(F19/E19*100,3),"#0.00")&"%" -> 70.00% | I19: =TEXT(ROUNDDOWN(F19/D19,3),"#0.00")&":1" -> 6.22:1
B20: 시설관리(국가유공자) | D20: 3 | E20: =SUM(원본데이터!D33) -> 2 | F20: =SUM(원본데이터!E33) -> 2 | G20: =E20-F20 -> 0 | H20: =TEXT(ROUNDDOWN(F20/E20*100,3),"#0.00")&"%" -> 100.00% | I20: =TEXT(ROUNDDOWN(F20/D20,3),"#0.00")&":1" -> 0.67:1
B21: 운전(일반) | D21: 2 | E21: =원본데이터!D34 -> 15 | F21: =원본데이터!E34 -> 11 | G21: =E21-F21 -> 4 | H21: =TEXT(ROUNDDOWN(F21/E21*100,3),"#0.00")&"%" -> 73.33% | I21: =TEXT(ROUNDDOWN(F21/D21,3),"#0.00")&":1" -> 5.50:1
B22: 운전(국가유공자) | D22: 1 | E22: 0 | F22: 0 | G22: 0 | H22: 0 | I22: =TEXT(ROUNDDOWN(F22/D22,3),"#0.00")&":1" -> 0.00:1
B23: 소계(경력경쟁임용시험) | D23: =SUM(D19:D22) -> 15 | E23: =SUM(E19:E22) -> 97 | F23: =SUM(F19:F21) -> 69 | G23: =SUM(G19:G21) -> 28 | H23: =TEXT(ROUNDDOWN(F23/E23*100,3),"#0.00")&"%" -> 71.13% | I23: =TEXT(ROUNDDOWN(F23/D23,3),"#0.00")&":1" -> 4.60:1
A24: 총 계 | D24: =D18+D23 -> 55 | E24: =E18+E23 -> 968 | F24: =F18+F23 -> 717 | G24: =G18+G23 -> 251 | H24: =TEXT(ROUNDDOWN(F24/E24*100,3),"#0.00")&"%" -> 74.07% | I24: =TEXT(ROUNDDOWN(F24/D24,3),"#0.00")&":1" -> 13.04:1

Sheet 원본데이터
A1: 2023년도 지방공무원 임용 필기시험 실별 응시현황
F2: 2023.6.10.(토)
A3: 시험장 | B3: 실별 | C3: 직렬 | D3: 접수 인원 | E3: 응시자 | F3: 결시자 | G3: 응시율 | I3: ※ 응시자 숫자(노란셀)만 입력
A4: 삼천중 | B4: 1 | C4: 교육행정(장애인) | D4: 11 | E4: 7 | F4: =D4-E4 -> 4 | G4: =TEXT(ROUNDDOWN(E4/D4*100,3),"#0.00")&"%" -> 63.64%
A5: 삼천중 | B5: 2 | C5: 교육행정(저소득층) | D5: 24 | E5: 18 | F5: =D5-E5 -> 6 | G5: =TEXT(ROUNDDOWN(E5/D5*100,3),"#0.00")&"%" -> 75.00%
A6: 삼천중 | B6: 3 | C6: 교육행정 | D6: 25 | E6: 19 | F6: =D6-E6 -> 6 | G6: =TEXT(ROUNDDOWN(E6/D6*100,3),"#0.00")&"%" -> 76.00%
A7: 삼천중 | B7: 4 | C7: 교육행정 | D7: 21 | E7: 19 | F7: =D7-E7 -> 2 | G7: =TEXT(ROUNDDOWN(E7/D7*100,3),"#0.00")&"%" -> 90.48%
A8: 삼천중 | B8: 5 | C8: 교육행정 | D8: 25 | E8: 20 | F8: =D8-E8 -> 5 | G8: =TEXT(ROUNDDOWN(E8/D8*100,3),"#0.00")&"%" -> 80.00%
A9: 삼천중 | B9: 6 | C9: 교육행정 | D9: 25 | E9: 17 | F9: =D9-E9 -> 8 | G9: =TEXT(ROUNDDOWN(E9/D9*100,3),"#0.00")&"%" -> 68.00%
A10: 삼천중 | B10: 7 | C10: 교육행정 | D10: 25 | E10: 17 | F10: =D10-E10 -> 8 | G10: =TEXT(ROUNDDOWN(E10/D10*100,3),"#0.00")&"%" -> 68.00%
A11: 삼천중 | B11: 8 | C11: 교육행정 | D11: 25 | E11: 21 | F11: =D11-E11 -> 4 | G11: =TEXT(ROUNDDOWN(E11/D11*100,3),"#0.00")&"%" -> 84.00%
A12: 삼천중 | B12: 9 | C12: 교육행정 | D12: 25 | E12: 19 | F12: =D12-E12 -> 6 | G12: =TEXT(ROUNDDOWN(E12/D12*100,3),"#0.00")&"%" -> 76.00%
A13: 삼천중 | B13: 10 | C13: 교육행정 | D13: 25 | E13: 20 | F13: =D13-E13 -> 5 | G13: =TEXT(ROUNDDOWN(E13/D13*100,3),"#0.00")&"%" -> 80.00%
A14: 삼천중 | B14: 11 | C14: 교육행정 | D14: 25 | E14: 22 | F14: =D14-E14 -> 3 | G14: =TEXT(ROUNDDOWN(E14/D14*100,3),"#0.00")&"%" -> 88.00%
A15: 삼천중 | B15: 12 | C15: 교육행정 | D15: 25 | E15: 19 | F15: =D15-E15 -> 6 | G15: =TEXT(ROUNDDOWN(E15/D15*100,3),"#0.00")&"%" -> 76.00%
... A46: 삼천중 | B46: 41 | C46: 사서 | D46: 22 | E46: 9 | F46: =D46-E46 -> 13 | G46: =TEXT(ROUNDDOWN(E46/D46*100,3),"#0.00")&"%" -> 40.91%
D47: =SUM(D4:D46) -> 968
